[
    {
        "model": "auth.user",
        "pk": 2,
        "fields": {
            "password": "pbkdf2_sha256$390000$HeKRjRQlHtCvHxntLpFmjK$tKIgnhYzEDruT/uyDkc8BIYPLHWNbkQ+9bvLAq2g/m8=",
            "last_login": "2015-09-09T18:27:04Z",
            "is_superuser": true,
            "username": "bob",
            "first_name": "Robert",
            "last_name": "Translator",
            "email": "bob@example.org",
            "is_staff": true,
            "is_active": true,
            "date_joined": "2015-09-09T18:27:04Z",
            "groups": [],
            "user_permissions": []
        }
    },
    {
        "model": "auth.user",
        "pk": 3,
        "fields": {
            "password": "pbkdf2_sha256$390000$EpSbTvLJPS5qy7JyS8xfcr$Tdu8baq50JPVVA5Ln+HhlCAnAtKlIZesyItcH3Znst4=",
            "last_login": "2015-09-09T18:27:04Z",
            "is_superuser": true,
            "username": "john",
            "first_name": "John",
            "last_name": "Coordinator",
            "email": "coord@example.org",
            "is_staff": true,
            "is_active": true,
            "date_joined": "2015-09-09T18:27:04Z",
            "groups": [],
            "user_permissions": []
        }
    },
    {
        "model": "auth.user",
        "pk": 4,
        "fields": {
            "password": "pbkdf2_sha256$390000$hNHfKa4dsZ9pMhHDpjbHhj$x1t9992cw1p0C6CLqoAnFw9mpAqmALe35YF/QMy4G/s=",
            "last_login": "2015-09-09T18:27:04Z",
            "is_superuser": true,
            "username": "alessio",
            "first_name": "Alessio",
            "last_name": "Reviewer",
            "email": "alessio@example.org",
            "is_staff": true,
            "is_active": true,
            "date_joined": "2015-09-09T18:27:04Z",
            "groups": [],
            "user_permissions": []
        }
    },
    {
        "model": "auth.user",
        "pk": 5,
        "fields": {
            "password": "",
            "last_login": "0138-07-12T8:40:04Z",
            "is_superuser": false,
            "username": "hadrian",
            "first_name": "Hadrian",
            "last_name": "",
            "email": "",
            "is_staff": false,
            "is_active": false,
            "date_joined": "0138-07-12T8:40:04Z",
            "groups": [],
            "user_permissions": []
        }
    },
    {
        "model": "languages.language",
        "pk": 1,
        "fields": {
            "name": "en",
            "locale": "en",
            "team": null,
            "plurals": "nplurals=2; plural=(n != 1)"
        }
    },
    {
        "model": "languages.language",
        "pk": 2,
        "fields": {
            "name": "French",
            "locale": "fr",
            "team": 1,
            "plurals": "nplurals=2; plural=(n > 1)"
        }
    },
    {
        "model": "languages.language",
        "pk": 3,
        "fields": {
            "name": "Italian",
            "locale": "it",
            "team": 2,
            "plurals": "nplurals=2; plural=(n != 1)"
        }
    },
    {
        "model": "languages.language",
        "pk": 4,
        "fields": {
            "name": "Bemba",
            "locale": "bem",
            "team": null,
            "plurals": ""
        }
    },
    {
        "model": "people.person",
        "pk": 2,
        "fields": {
            "auth_token": "",
            "forge_account": "bob1",
            "image": "",
            "avatar_service": "",
            "webpage_url": "",
            "im_username": "@bobby:gnome.org",
            "activation_key": null
        }
    },
    {
        "model": "people.person",
        "pk": 3,
        "fields": {
            "auth_token": "",
            "forge_account": "coord_fr",
            "image": "",
            "avatar_service": "",
            "webpage_url": "",
            "im_username": "",
            "activation_key": null
        }
    },
    {
        "model": "people.person",
        "pk": 4,
        "fields": {
            "auth_token": "",
            "forge_account": "",
            "image": "",
            "avatar_service": "",
            "webpage_url": "",
            "im_username": "",
            "activation_key": null
        }
    },
    {
        "model": "people.person",
        "pk": 5,
        "fields": {
            "auth_token": "",
            "forge_account": "",
            "image": "",
            "avatar_service": "",
            "webpage_url": "",
            "im_username": "",
            "activation_key": null
        }
    },
    {
        "model": "stats.module",
        "pk": 1,
        "fields": {
            "name": "gnome-hello",
            "homepage": "",
            "description": "",
            "comment": "",
            "bugs_base": "https://gitlab.gnome.org/Archive/gnome-hello/issues",
            "vcs_root": "https://gitlab.gnome.org/Archive/gnome-hello.git",
            "vcs_web": "https://gitlab.gnome.org/Archive/gnome-hello/",
            "ext_platform": "",
            "archived": false,
            "maintainers": [
                3
            ]
        }
    },
    {
        "model": "stats.module",
        "pk": 2,
        "fields": {
            "name": "zenity",
            "homepage": "",
            "description": "",
            "comment": "",
            "bugs_base": "https://gitlab.gnome.org/GNOME/zenity/issues",
            "vcs_root": "https://gitlab.gnome.org/GNOME/zenity.git",
            "vcs_web": "https://gitlab.gnome.org/GNOME/zenity/",
            "ext_platform": "",
            "archived": true,
            "maintainers": []
        }
    },
    {
        "model": "stats.module",
        "pk": 3,
        "fields": {
            "name": "shared-mime-info",
            "homepage": "",
            "description": "Shared MIME Info",
            "comment": "This is not a GNOME-specific module. Please submit your translation through the <a href=\"https://www.transifex.com/freedesktop/shared-mime-info/\">Transifex platform</a>.",
            "bugs_base": "https://gitlab.freedesktop.org/xdg/shared-mime-info/issues",
            "vcs_root": "https://gitlab.freedesktop.org/xdg/shared-mime-info.git",
            "vcs_web": "https://gitlab.freedesktop.org/xdg/shared-mime-info",
            "ext_platform": "",
            "archived": false,
            "maintainers": []
        }
    },
    {
        "model": "stats.branch",
        "pk": 1,
        "fields": {
            "name": "master",
            "vcs_subpath": "",
            "module": 1,
            "weight": 0,
            "file_hashes": {}
        }
    },
    {
        "model": "stats.branch",
        "pk": 2,
        "fields": {
            "name": "gnome-3-8",
            "vcs_subpath": "",
            "module": 2,
            "weight": 0,
            "file_hashes": {}
        }
    },
    {
        "model": "stats.branch",
        "pk": 3,
        "fields": {
            "name": "master",
            "vcs_subpath": "",
            "module": 2,
            "weight": 0,
            "file_hashes": {}
        }
    },
    {
        "model": "stats.branch",
        "pk": 4,
        "fields": {
            "name": "master",
            "vcs_subpath": "",
            "module": 3,
            "weight": 0,
            "file_hashes": {}
        }
    },
    {
        "model": "stats.branch",
        "pk": 5,
        "fields": {
            "name": "gnome-hello-1-0",
            "vcs_subpath": "",
            "module": 1,
            "weight": 0,
            "file_hashes": null
        }
    },
    {
        "model": "stats.branch",
        "pk": 6,
        "fields": {
            "name": "gnome-hello-1-4",
            "vcs_subpath": "",
            "module": 1,
            "weight": 0,
            "file_hashes": null
        }
    },
    {
        "model": "stats.domain",
        "pk": 1,
        "fields": {
            "module": 1,
            "name": "po",
            "description": "UI Translations",
            "dtype": "ui",
            "layout": "po/{lang}.po",
            "pot_method": "auto",
            "pot_params": "",
            "extra_its_dirs": "",
            "linguas_location": "",
            "reduced_string_filter": "",
            "branch_from": null,
            "branch_to": null
        }
    },
    {
        "model": "stats.domain",
        "pk": 2,
        "fields": {
            "module": 1,
            "name": "help",
            "description": "User Guide",
            "dtype": "doc",
            "layout": "help/{lang}/{lang}.po",
            "pot_method": "auto",
            "pot_params": "",
            "extra_its_dirs": "",
            "linguas_location": "",
            "reduced_string_filter": "",
            "branch_from": null,
            "branch_to": null
        }
    },
    {
        "model": "stats.domain",
        "pk": 3,
        "fields": {
            "module": 2,
            "name": "po",
            "description": "UI Translations",
            "dtype": "ui",
            "layout": "po/{lang}.po",
            "pot_method": "auto",
            "pot_params": "",
            "extra_its_dirs": "",
            "linguas_location": "",
            "reduced_string_filter": "",
            "branch_from": null,
            "branch_to": null
        }
    },
    {
        "model": "stats.domain",
        "pk": 4,
        "fields": {
            "module": 2,
            "name": "help",
            "description": "User Guide",
            "dtype": "doc",
            "layout": "help/{lang}/{lang}.po",
            "pot_method": "auto",
            "pot_params": "",
            "extra_its_dirs": "",
            "linguas_location": "",
            "reduced_string_filter": "",
            "branch_from": null,
            "branch_to": null
        }
    },
    {
        "model": "stats.domain",
        "pk": 5,
        "fields": {
            "module": 3,
            "name": "po",
            "description": "UI Translations",
            "dtype": "ui",
            "layout": "po/{lang}.po",
            "pot_method": "auto",
            "pot_params": "",
            "extra_its_dirs": "",
            "linguas_location": "",
            "reduced_string_filter": "",
            "branch_from": null,
            "branch_to": null
        }
    },
    {
        "model": "stats.domain",
        "pk": 6,
        "fields": {
            "module": 3,
            "name": "help",
            "description": "User Guide",
            "dtype": "doc",
            "layout": "help/{lang}/{lang}.po",
            "pot_method": "auto",
            "pot_params": "",
            "extra_its_dirs": "",
            "linguas_location": "",
            "reduced_string_filter": "",
            "branch_from": null,
            "branch_to": null
        }
    },
    {
        "model": "stats.release",
        "pk": 1,
        "fields": {
            "name": "gnome-3-44",
            "description": "GNOME 44 (stable)",
            "string_frozen": true,
            "status": "official",
            "weight": 0
        }
    },
    {
        "model": "stats.release",
        "pk": 2,
        "fields": {
            "name": "gnome-dev",
            "description": "GNOME in Development",
            "string_frozen": false,
            "status": "official",
            "weight": 0
        }
    },
    {
        "model": "stats.release",
        "pk": 3,
        "fields": {
            "name": "freedesktop-org",
            "description": "freedesktop.org (non-GNOME)",
            "string_frozen": false,
            "status": "xternal",
            "weight": 0
        }
    },
    {
        "model": "stats.release",
        "pk": 4,
        "fields": {
            "name": "gnome-3-8",
            "description": "GNOME 8 (oldstable)",
            "string_frozen": true,
            "status": "official",
            "weight": -10
        }
    },
    {
        "model": "stats.categoryname",
        "pk": 1,
        "fields": {
            "name": "Default"
        }
    },
    {
        "model": "stats.categoryname",
        "pk": 2,
        "fields": {
            "name": "Administration Tools"
        }
    },
    {
        "model": "stats.categoryname",
        "pk": 3,
        "fields": {
            "name": "Development Tools"
        }
    },
    {
        "model": "stats.categoryname",
        "pk": 4,
        "fields": {
            "name": "GNOME Desktop"
        }
    },
    {
        "model": "stats.categoryname",
        "pk": 5,
        "fields": {
            "name": "GNOME Developer Platform"
        }
    },
    {
        "model": "stats.categoryname",
        "pk": 6,
        "fields": {
            "name": "New Module Proposals"
        }
    },
    {
        "model": "stats.categoryname",
        "pk": 7,
        "fields": {
            "name": "Core"
        }
    },
    {
        "model": "stats.categoryname",
        "pk": 8,
        "fields": {
            "name": "Utils"
        }
    },
    {
        "model": "stats.categoryname",
        "pk": 9,
        "fields": {
            "name": "Apps"
        }
    },
    {
        "model": "stats.categoryname",
        "pk": 10,
        "fields": {
            "name": "Accessibility"
        }
    },
    {
        "model": "stats.categoryname",
        "pk": 11,
        "fields": {
            "name": "Games"
        }
    },
    {
        "model": "stats.categoryname",
        "pk": 12,
        "fields": {
            "name": "Backends"
        }
    },
    {
        "model": "stats.categoryname",
        "pk": 13,
        "fields": {
            "name": "Core Libraries"
        }
    },
    {
        "model": "stats.categoryname",
        "pk": 14,
        "fields": {
            "name": "Extra Libraries"
        }
    },
    {
        "model": "stats.categoryname",
        "pk": 15,
        "fields": {
            "name": "Legacy Desktop"
        }
    },
    {
        "model": "stats.categoryname",
        "pk": 16,
        "fields": {
            "name": "Stable Branches"
        }
    },
    {
        "model": "stats.categoryname",
        "pk": 17,
        "fields": {
            "name": "Development Branches"
        }
    },
    {
        "model": "stats.categoryname",
        "pk": 18,
        "fields": {
            "name": "Desktop"
        }
    },
    {
        "model": "stats.category",
        "pk": 1,
        "fields": {
            "release": 1,
            "branch": 1,
            "name": 18
        }
    },
    {
        "model": "stats.category",
        "pk": 2,
        "fields": {
            "release": 2,
            "branch": 1,
            "name": 18
        }
    },
    {
        "model": "stats.category",
        "pk": 3,
        "fields": {
            "release": 1,
            "branch": 2,
            "name": 18
        }
    },
    {
        "model": "stats.category",
        "pk": 4,
        "fields": {
            "release": 3,
            "branch": 4,
            "name": 18
        }
    },
    {
        "model": "stats.pofile",
        "pk": 1,
        "fields": {
            "path": "",
            "updated": "2015-09-09T18:27:04Z",
            "translated": 0,
            "fuzzy": 0,
            "untranslated": 47,
            "figures": null,
            "translated_words": 0,
            "fuzzy_words": 0,
            "untranslated_words": 0
        }
    },
    {
        "model": "stats.pofile",
        "pk": 2,
        "fields": {
            "path": "",
            "updated": "2015-09-09T18:27:04Z",
            "translated": 47,
            "fuzzy": 0,
            "untranslated": 0,
            "figures": null,
            "translated_words": 0,
            "fuzzy_words": 0,
            "untranslated_words": 0
        }
    },
    {
        "model": "stats.pofile",
        "pk": 3,
        "fields": {
            "path": "",
            "updated": "2015-09-09T18:27:04Z",
            "translated": 30,
            "fuzzy": 10,
            "untranslated": 7,
            "figures": null,
            "translated_words": 0,
            "fuzzy_words": 0,
            "untranslated_words": 0
        }
    },
    {
        "model": "stats.pofile",
        "pk": 4,
        "fields": {
            "path": "",
            "updated": "2015-09-09T18:27:04Z",
            "translated": 0,
            "fuzzy": 0,
            "untranslated": 20,
            "figures": [
                {
                    "path": "figures/gnome-hello-new.png",
                    "hash": "8a1fcc6f46a22a1f500cfef9ca51b481"
                },
                {
                    "path": "figures/gnome-hello-logo.png",
                    "hash": "1ae47b7a7c4fbeb1f6bb72c0cf18d389"
                }
            ],
            "translated_words": 0,
            "fuzzy_words": 0,
            "untranslated_words": 0
        }
    },
    {
        "model": "stats.pofile",
        "pk": 5,
        "fields": {
            "path": "",
            "updated": "2015-09-09T18:27:04Z",
            "translated": 20,
            "fuzzy": 0,
            "untranslated": 0,
            "figures": [
                {
                    "translated": false,
                    "path": "figures/gnome-hello-new.png",
                    "hash": "8a1fcc6f46a22a1f500cfef9ca51b481",
                    "fuzzy": true
                },
                {
                    "translated": false,
                    "path": "figures/gnome-hello-logo.png",
                    "hash": "1ae47b7a7c4fbeb1f6bb72c0cf18d389",
                    "fuzzy": false
                }
            ],
            "translated_words": 0,
            "fuzzy_words": 0,
            "untranslated_words": 0
        }
    },
    {
        "model": "stats.pofile",
        "pk": 6,
        "fields": {
            "path": "",
            "updated": "2015-09-09T18:27:04Z",
            "translated": 20,
            "fuzzy": 0,
            "untranslated": 0,
            "figures": null,
            "translated_words": 0,
            "fuzzy_words": 0,
            "untranslated_words": 0
        }
    },
    {
        "model": "stats.pofile",
        "pk": 7,
        "fields": {
            "path": "",
            "updated": "2015-09-09T18:27:04Z",
            "translated": 0,
            "fuzzy": 0,
            "untranslated": 136,
            "figures": null,
            "translated_words": 0,
            "fuzzy_words": 0,
            "untranslated_words": 0
        }
    },
    {
        "model": "stats.pofile",
        "pk": 8,
        "fields": {
            "path": "",
            "updated": "2015-09-09T18:27:04Z",
            "translated": 0,
            "fuzzy": 0,
            "untranslated": 128,
            "figures": null,
            "translated_words": 0,
            "fuzzy_words": 0,
            "untranslated_words": 0
        }
    },
    {
        "model": "stats.pofile",
        "pk": 9,
        "fields": {
            "path": "",
            "updated": "2015-09-09T18:27:04Z",
            "translated": 136,
            "fuzzy": 0,
            "untranslated": 0,
            "figures": null,
            "translated_words": 0,
            "fuzzy_words": 0,
            "untranslated_words": 0
        }
    },
    {
        "model": "stats.pofile",
        "pk": 10,
        "fields": {
            "path": "",
            "updated": "2015-09-09T18:27:04Z",
            "translated": 130,
            "fuzzy": 0,
            "untranslated": 6,
            "figures": null,
            "translated_words": 0,
            "fuzzy_words": 0,
            "untranslated_words": 0
        }
    },
    {
        "model": "stats.pofile",
        "pk": 11,
        "fields": {
            "path": "",
            "updated": "2015-09-09T18:27:04Z",
            "translated": 100,
            "fuzzy": 0,
            "untranslated": 28,
            "figures": null,
            "translated_words": 0,
            "fuzzy_words": 0,
            "untranslated_words": 0
        }
    },
    {
        "model": "stats.pofile",
        "pk": 12,
        "fields": {
            "path": "",
            "updated": "2015-09-09T18:27:04Z",
            "translated": 0,
            "fuzzy": 0,
            "untranslated": 259,
            "figures": null,
            "translated_words": 0,
            "fuzzy_words": 0,
            "untranslated_words": 0
        }
    },
    {
        "model": "stats.pofile",
        "pk": 13,
        "fields": {
            "path": "",
            "updated": "2015-09-09T18:27:04Z",
            "translated": 0,
            "fuzzy": 0,
            "untranslated": 259,
            "figures": null,
            "translated_words": 0,
            "fuzzy_words": 0,
            "untranslated_words": 0
        }
    },
    {
        "model": "stats.pofile",
        "pk": 14,
        "fields": {
            "path": "",
            "updated": "2015-09-09T18:27:04Z",
            "translated": 259,
            "fuzzy": 0,
            "untranslated": 0,
            "figures": null,
            "translated_words": 0,
            "fuzzy_words": 0,
            "untranslated_words": 0
        }
    },
    {
        "model": "stats.pofile",
        "pk": 15,
        "fields": {
            "path": "",
            "updated": "2015-09-09T18:27:04Z",
            "translated": 0,
            "fuzzy": 0,
            "untranslated": 149,
            "figures": null,
            "translated_words": 0,
            "fuzzy_words": 0,
            "untranslated_words": 0
        }
    },
    {
        "model": "stats.pofile",
        "pk": 16,
        "fields": {
            "path": "",
            "updated": "2015-09-09T18:27:04Z",
            "translated": 255,
            "fuzzy": 4,
            "untranslated": 0,
            "figures": null,
            "translated_words": 0,
            "fuzzy_words": 0,
            "untranslated_words": 0
        }
    },
    {
        "model": "stats.pofile",
        "pk": 17,
        "fields": {
            "path": "",
            "updated": "2015-09-09T18:27:04Z",
            "translated": 259,
            "fuzzy": 0,
            "untranslated": 0,
            "figures": null,
            "translated_words": 0,
            "fuzzy_words": 0,
            "untranslated_words": 0
        }
    },
    {
        "model": "stats.pofile",
        "pk": 18,
        "fields": {
            "path": "",
            "updated": "2015-09-09T18:27:04Z",
            "translated": 0,
            "fuzzy": 0,
            "untranslated": 259,
            "figures": null,
            "translated_words": 0,
            "fuzzy_words": 0,
            "untranslated_words": 0
        }
    },
    {
        "model": "stats.pofile",
        "pk": 19,
        "fields": {
            "path": "",
            "updated": "2015-09-09T18:27:04Z",
            "translated": 0,
            "fuzzy": 0,
            "untranslated": 259,
            "figures": null,
            "translated_words": 0,
            "fuzzy_words": 0,
            "untranslated_words": 0
        }
    },
    {
        "model": "stats.pofile",
        "pk": 20,
        "fields": {
            "path": "",
            "updated": "2015-09-09T18:27:04Z",
            "translated": 259,
            "fuzzy": 0,
            "untranslated": 0,
            "figures": null,
            "translated_words": 0,
            "fuzzy_words": 0,
            "untranslated_words": 0
        }
    },
    {
        "model": "stats.pofile",
        "pk": 21,
        "fields": {
            "path": "",
            "updated": "2015-09-09T18:27:04Z",
            "translated": 0,
            "fuzzy": 0,
            "untranslated": 626,
            "figures": null,
            "translated_words": 0,
            "fuzzy_words": 0,
            "untranslated_words": 0
        }
    },
    {
        "model": "stats.pofile",
        "pk": 22,
        "fields": {
            "path": "",
            "updated": "2015-09-09T18:27:04Z",
            "translated": 598,
            "fuzzy": 20,
            "untranslated": 2,
            "figures": null,
            "translated_words": 0,
            "fuzzy_words": 0,
            "untranslated_words": 0
        }
    },
    {
        "model": "stats.pofile",
        "pk": 23,
        "fields": {
            "path": "",
            "updated": "2015-09-09T18:27:04Z",
            "translated": 620,
            "fuzzy": 6,
            "untranslated": 0,
            "figures": null,
            "translated_words": 0,
            "fuzzy_words": 0,
            "untranslated_words": 0
        }
    },
    {
        "model": "stats.pofile",
        "pk": 24,
        "fields": {
            "path": "",
            "updated": "2015-09-09T18:27:04Z",
            "translated": 47,
            "fuzzy": 0,
            "untranslated": 0,
            "figures": null,
            "translated_words": 0,
            "fuzzy_words": 0,
            "untranslated_words": 0
        }
    },
    {
        "model": "stats.pofile",
        "pk": 25,
        "fields": {
            "path": "git/gnome-hello/po/gnome-hello.pot",
            "updated": "2023-03-07T10:41:08.281Z",
            "translated": 0,
            "fuzzy": 0,
            "untranslated": 21,
            "figures": [],
            "translated_words": 0,
            "fuzzy_words": 0,
            "untranslated_words": 79
        }
    },
    {
        "model": "stats.pofile",
        "pk": 26,
        "fields": {
            "path": "git/gnome-hello/po/gnome-hello.pot",
            "updated": "2023-03-07T10:41:18.059Z",
            "translated": 0,
            "fuzzy": 0,
            "untranslated": 21,
            "figures": [],
            "translated_words": 0,
            "fuzzy_words": 0,
            "untranslated_words": 79
        }
    },
    {
        "model": "stats.statistics",
        "pk": 1,
        "fields": {
            "branch": 1,
            "domain": 1,
            "language": null,
            "full_po": 1,
            "part_po": 1
        }
    },
    {
        "model": "stats.statistics",
        "pk": 2,
        "fields": {
            "branch": 1,
            "domain": 1,
            "language": 2,
            "full_po": 2,
            "part_po": 24
        }
    },
    {
        "model": "stats.statistics",
        "pk": 3,
        "fields": {
            "branch": 1,
            "domain": 1,
            "language": 3,
            "full_po": 3,
            "part_po": 3
        }
    },
    {
        "model": "stats.statistics",
        "pk": 4,
        "fields": {
            "branch": 1,
            "domain": 2,
            "language": null,
            "full_po": 4,
            "part_po": 4
        }
    },
    {
        "model": "stats.statistics",
        "pk": 5,
        "fields": {
            "branch": 1,
            "domain": 2,
            "language": 2,
            "full_po": 5,
            "part_po": 5
        }
    },
    {
        "model": "stats.statistics",
        "pk": 6,
        "fields": {
            "branch": 1,
            "domain": 2,
            "language": 3,
            "full_po": 6,
            "part_po": 6
        }
    },
    {
        "model": "stats.statistics",
        "pk": 7,
        "fields": {
            "branch": 2,
            "domain": 3,
            "language": null,
            "full_po": 7,
            "part_po": 8
        }
    },
    {
        "model": "stats.statistics",
        "pk": 8,
        "fields": {
            "branch": 2,
            "domain": 3,
            "language": 2,
            "full_po": 9,
            "part_po": 9
        }
    },
    {
        "model": "stats.statistics",
        "pk": 9,
        "fields": {
            "branch": 2,
            "domain": 3,
            "language": 3,
            "full_po": 10,
            "part_po": 11
        }
    },
    {
        "model": "stats.statistics",
        "pk": 10,
        "fields": {
            "branch": 2,
            "domain": 4,
            "language": null,
            "full_po": 12,
            "part_po": 12
        }
    },
    {
        "model": "stats.statistics",
        "pk": 11,
        "fields": {
            "branch": 2,
            "domain": 4,
            "language": 2,
            "full_po": 13,
            "part_po": 13
        }
    },
    {
        "model": "stats.statistics",
        "pk": 12,
        "fields": {
            "branch": 2,
            "domain": 4,
            "language": 3,
            "full_po": 14,
            "part_po": 14
        }
    },
    {
        "model": "stats.statistics",
        "pk": 13,
        "fields": {
            "branch": 3,
            "domain": 3,
            "language": null,
            "full_po": 15,
            "part_po": 15
        }
    },
    {
        "model": "stats.statistics",
        "pk": 14,
        "fields": {
            "branch": 3,
            "domain": 3,
            "language": 2,
            "full_po": 16,
            "part_po": 16
        }
    },
    {
        "model": "stats.statistics",
        "pk": 15,
        "fields": {
            "branch": 3,
            "domain": 3,
            "language": 3,
            "full_po": 17,
            "part_po": 17
        }
    },
    {
        "model": "stats.statistics",
        "pk": 16,
        "fields": {
            "branch": 3,
            "domain": 4,
            "language": null,
            "full_po": 18,
            "part_po": 18
        }
    },
    {
        "model": "stats.statistics",
        "pk": 17,
        "fields": {
            "branch": 3,
            "domain": 4,
            "language": 2,
            "full_po": 19,
            "part_po": 19
        }
    },
    {
        "model": "stats.statistics",
        "pk": 18,
        "fields": {
            "branch": 3,
            "domain": 4,
            "language": 3,
            "full_po": 20,
            "part_po": 20
        }
    },
    {
        "model": "stats.statistics",
        "pk": 19,
        "fields": {
            "branch": 4,
            "domain": 5,
            "language": null,
            "full_po": 21,
            "part_po": 21
        }
    },
    {
        "model": "stats.statistics",
        "pk": 20,
        "fields": {
            "branch": 4,
            "domain": 5,
            "language": 2,
            "full_po": 22,
            "part_po": 22
        }
    },
    {
        "model": "stats.statistics",
        "pk": 21,
        "fields": {
            "branch": 4,
            "domain": 5,
            "language": 3,
            "full_po": 23,
            "part_po": 23
        }
    },
    {
        "model": "stats.statistics",
        "pk": 22,
        "fields": {
            "branch": 5,
            "domain": 1,
            "language": null,
            "full_po": 25,
            "part_po": 25
        }
    },
    {
        "model": "stats.statistics",
        "pk": 23,
        "fields": {
            "branch": 5,
            "domain": 1,
            "language": 2,
            "full_po": null,
            "part_po": null
        }
    },
    {
        "model": "stats.statistics",
        "pk": 24,
        "fields": {
            "branch": 6,
            "domain": 1,
            "language": null,
            "full_po": 26,
            "part_po": 26
        }
    },
    {
        "model": "stats.statistics",
        "pk": 25,
        "fields": {
            "branch": 6,
            "domain": 1,
            "language": 2,
            "full_po": null,
            "part_po": null
        }
    },
    {
        "model": "stats.information",
        "pk": 1,
        "fields": {
            "statistics": 13,
            "type": "error",
            "description": "Error regenerating POT file for zenity:\n<pre>intltool-update -g 'zenity' -p\nERROR: xgettext failed to generate PO template file.</pre>"
        }
    },
    {
        "model": "stats.information",
        "pk": 2,
        "fields": {
            "statistics": 22,
            "type": "warn",
            "description": "There are some missing files from POTFILES.in: <ul><li>src/menus.c\n</li>\n</ul>"
        }
    },
    {
        "model": "stats.information",
        "pk": 3,
        "fields": {
            "statistics": 23,
            "type": "warn",
            "description": "PO file “gnome-hello.gnome-hello-1-0.fr.po” is not UTF-8 encoded."
        }
    },
    {
        "model": "stats.information",
        "pk": 4,
        "fields": {
            "statistics": 25,
            "type": "warn",
            "description": "PO file “gnome-hello.gnome-hello-1-4.fr.po” is not UTF-8 encoded."
        }
    },
    {
        "model": "teams.team",
        "pk": 1,
        "fields": {
            "name": "fr",
            "description": "French",
            "use_workflow": true,
            "presentation": "Here can come any custom description for a team",
            "webpage_url": "http://gnomefr.traduc.org/",
            "mailing_list": "gnomefr@traduc.org",
            "mailing_list_subscribe": "http://www.traduc.org/mailman/listinfo/gnomefr"
        }
    },
    {
        "model": "teams.team",
        "pk": 2,
        "fields": {
            "name": "it",
            "description": "Italian",
            "use_workflow": true,
            "presentation": "",
            "webpage_url": "http://www.it.gnome.org/",
            "mailing_list": null,
            "mailing_list_subscribe": null
        }
    },
    {
        "model": "teams.role",
        "pk": 1,
        "fields": {
            "team": 1,
            "person": 2,
            "role": "translator",
            "is_active": true
        }
    },
    {
        "model": "teams.role",
        "pk": 2,
        "fields": {
            "team": 1,
            "person": 3,
            "role": "coordinator",
            "is_active": true
        }
    },
    {
        "model": "teams.role",
        "pk": 3,
        "fields": {
            "team": 2,
            "person": 4,
            "role": "reviewer",
            "is_active": true
        }
    },
    {
        "model": "teams.role",
        "pk": 4,
        "fields": {
            "team": 2,
            "person": 5,
            "role": "translator",
            "is_active": false
        }
    },
    {
        "model": "vertimus.statetranslating",
        "pk": 1,
        "fields": {
            "branch": 1,
            "domain": 1,
            "language": 2,
            "person": 3,
            "updated": "2023-03-07T10:41:39.413Z",
            "name": "Translating"
        }
    },
    {
        "model": "vertimus.writecommentaction",
        "pk": 1,
        "fields": {
            "created": "2024-09-20T06:40:23.452Z",
            "state_db": 1,
            "person": 2,
            "name": "WriteAComment",
            "comment": "Commentaire.",
            "sent_to_ml": false,
            "file": "",
            "merged_file": null
        }
    },
    {
        "model": "vertimus.reservetranslationaction",
        "pk": 2,
        "fields": {
            "created": "2024-09-20T06:42:05.192Z",
            "state_db": 1,
            "person": 4,
            "name": "ReserveForTranslation",
            "comment": "Je prends pour moi.",
            "sent_to_ml": true,
            "file": "",
            "merged_file": null
        }
    }
]
